{"cameraMode":{"drawMode":0,"name":"Shaded","section":"Shading Mode"},"sceneLighting":true,"audioPlay":false,"sceneViewState":{"showFog":false,"showMaterialUpdate":false,"showSkybox":false,"showFlares":false,"showImageEffects":false,"showParticleSystems":false},"in2DMode":false,"pivot":{"x":26.40409278869629,"y":8.322125434875489,"z":-0.17755126953125},"rotation":{"x":0.001190871698781848,"y":-0.006903483998030424,"z":0.00018031828221864998,"w":-1.0000441074371338},"size":50.36886215209961,"orthographic":false}